cell_id,original_table,row,physical_column,row_label,original_value,column_maximum,before_bold,after_bold,rank_check
T02R03C02,2,3,2,DeViSE [21],36.22,48.33,False,False,PASS
T02R03C03,2,3,3,DeViSE [21],1.07,16.87,False,False,PASS
T02R03C04,2,3,4,DeViSE [21],2.08,22.78,False,False,PASS
T02R03C05,2,3,5,DeViSE [21],5.59,17.65,False,False,PASS
T02R03C06,2,3,6,DeViSE [21],55.59,86.32,False,False,PASS
T02R03C07,2,3,7,DeViSE [21],14.94,46.97,False,False,PASS
T02R03C08,2,3,8,DeViSE [21],23.56,60.63,False,False,PASS
T02R03C09,2,3,9,DeViSE [21],16.09,55.22,False,False,PASS
T02R03C10,2,3,10,DeViSE [21],3.45,47.28,False,False,PASS
T02R03C11,2,3,11,DeViSE [21],8.53,23.61,False,False,PASS
T02R03C12,2,3,12,DeViSE [21],4.91,31.49,False,False,PASS
T02R03C13,2,3,13,DeViSE [21],8.53,23.96,False,False,PASS
T02R04C02,2,4,2,ALE [22],0.28,48.33,False,False,PASS
T02R04C03,2,4,3,ALE [22],5.48,16.87,False,False,PASS
T02R04C04,2,4,4,ALE [22],0.53,22.78,False,False,PASS
T02R04C05,2,4,5,ALE [22],5.48,17.65,False,False,PASS
T02R04C06,2,4,6,ALE [22],57.59,86.32,False,False,PASS
T02R04C07,2,4,7,ALE [22],14.89,46.97,False,False,PASS
T02R04C08,2,4,8,ALE [22],23.66,60.63,False,False,PASS
T02R04C09,2,4,9,ALE [22],16.32,55.22,False,False,PASS
T02R04C10,2,4,10,ALE [22],2.63,47.28,False,False,PASS
T02R04C11,2,4,11,ALE [22],7.87,23.61,False,False,PASS
T02R04C12,2,4,12,ALE [22],3.94,31.49,False,False,PASS
T02R04C13,2,4,13,ALE [22],7.90,23.96,False,False,PASS
T02R05C02,2,5,2,SJE [23],48.33,48.33,False,True,PASS
T02R05C03,2,5,3,SJE [23],1.10,16.87,False,False,PASS
T02R05C04,2,5,4,SJE [23],2.15,22.78,False,False,PASS
T02R05C05,2,5,5,SJE [23],4.06,17.65,False,False,PASS
T02R05C06,2,5,6,SJE [23],63.10,86.32,False,False,PASS
T02R05C07,2,5,7,SJE [23],16.77,46.97,False,False,PASS
T02R05C08,2,5,8,SJE [23],26.50,60.63,False,False,PASS
T02R05C09,2,5,9,SJE [23],18.93,55.22,False,False,PASS
T02R05C10,2,5,10,SJE [23],4.61,47.28,False,False,PASS
T02R05C11,2,5,11,SJE [23],7.04,23.61,False,False,PASS
T02R05C12,2,5,12,SJE [23],5.57,31.49,False,False,PASS
T02R05C13,2,5,13,SJE [23],7.08,23.96,False,False,PASS
T02R06C02,2,6,2,f-VAEGAN-D2 [25],12.77,48.33,False,False,PASS
T02R06C03,2,6,3,f-VAEGAN-D2 [25],0.95,16.87,False,False,PASS
T02R06C04,2,6,4,f-VAEGAN-D2 [25],1.77,22.78,False,False,PASS
T02R06C05,2,6,5,f-VAEGAN-D2 [25],1.91,17.65,False,False,PASS
T02R06C06,2,6,6,f-VAEGAN-D2 [25],17.29,86.32,False,False,PASS
T02R06C07,2,6,7,f-VAEGAN-D2 [25],8.47,46.97,False,False,PASS
T02R06C08,2,6,8,f-VAEGAN-D2 [25],11.37,60.63,False,False,PASS
T02R06C09,2,6,9,f-VAEGAN-D2 [25],11.11,55.22,False,False,PASS
T02R06C10,2,6,10,f-VAEGAN-D2 [25],4.36,47.28,False,False,PASS
T02R06C11,2,6,11,f-VAEGAN-D2 [25],2.14,23.61,False,False,PASS
T02R06C12,2,6,12,f-VAEGAN-D2 [25],2.87,31.49,False,False,PASS
T02R06C13,2,6,13,f-VAEGAN-D2 [25],2.40,23.96,False,False,PASS
T02R07C02,2,7,2,APN [24],7.48,48.33,False,False,PASS
T02R07C03,2,7,3,APN [24],3.88,16.87,False,False,PASS
T02R07C04,2,7,4,APN [24],5.11,22.78,False,False,PASS
T02R07C05,2,7,5,APN [24],4.49,17.65,False,False,PASS
T02R07C06,2,7,6,APN [24],28.46,86.32,False,False,PASS
T02R07C07,2,7,7,APN [24],16.16,46.97,False,False,PASS
T02R07C08,2,7,8,APN [24],20.61,60.63,False,False,PASS
T02R07C09,2,7,9,APN [24],16.44,55.22,False,False,PASS
T02R07C10,2,7,10,APN [24],9.84,47.28,False,False,PASS
T02R07C11,2,7,11,APN [24],5.76,23.61,False,False,PASS
T02R07C12,2,7,12,APN [24],7.27,31.49,False,False,PASS
T02R07C13,2,7,13,APN [24],6.34,23.96,False,False,PASS
T02R08C02,2,8,2,CJME [1],11.96,48.33,False,False,PASS
T02R08C03,2,8,3,CJME [1],5.41,16.87,False,False,PASS
T02R08C04,2,8,4,CJME [1],7.45,22.78,False,False,PASS
T02R08C05,2,8,5,CJME [1],6.84,17.65,False,False,PASS
T02R08C06,2,8,6,CJME [1],48.18,86.32,False,False,PASS
T02R08C07,2,8,7,CJME [1],17.68,46.97,False,False,PASS
T02R08C08,2,8,8,CJME [1],25.87,60.63,False,False,PASS
T02R08C09,2,8,9,CJME [1],20.46,55.22,False,False,PASS
T02R08C10,2,8,10,CJME [1],16.06,47.28,False,False,PASS
T02R08C11,2,8,11,CJME [1],9.13,23.61,False,False,PASS
T02R08C12,2,8,12,CJME [1],11.64,31.49,False,False,PASS
T02R08C13,2,8,13,CJME [1],9.92,23.96,False,False,PASS
T02R09C02,2,9,2,AVGZSLNet [2],13.02,48.33,False,False,PASS
T02R09C03,2,9,3,AVGZSLNet [2],2.88,16.87,False,False,PASS
T02R09C04,2,9,4,AVGZSLNet [2],4.71,22.78,False,False,PASS
T02R09C05,2,9,5,AVGZSLNet [2],5.44,17.65,False,False,PASS
T02R09C06,2,9,6,AVGZSLNet [2],56.26,86.32,False,False,PASS
T02R09C07,2,9,7,AVGZSLNet [2],34.37,46.97,False,False,PASS
T02R09C08,2,9,8,AVGZSLNet [2],42.67,60.63,False,False,PASS
T02R09C09,2,9,9,AVGZSLNet [2],35.66,55.22,False,False,PASS
T02R09C10,2,9,10,AVGZSLNet [2],14.81,47.28,False,False,PASS
T02R09C11,2,9,11,AVGZSLNet [2],11.11,23.61,False,False,PASS
T02R09C12,2,9,12,AVGZSLNet [2],12.70,31.49,False,False,PASS
T02R09C13,2,9,13,AVGZSLNet [2],12.39,23.96,False,False,PASS
T02R10C02,2,10,2,AVCA [3],32.47,48.33,False,False,PASS
T02R10C03,2,10,3,AVCA [3],6.81,16.87,False,False,PASS
T02R10C04,2,10,4,AVCA [3],11.26,22.78,False,False,PASS
T02R10C05,2,10,5,AVCA [3],8.16,17.65,False,False,PASS
T02R10C06,2,10,6,AVCA [3],34.90,86.32,False,False,PASS
T02R10C07,2,10,7,AVCA [3],38.67,46.97,False,False,PASS
T02R10C08,2,10,8,AVCA [3],36.69,60.63,False,False,PASS
T02R10C09,2,10,9,AVCA [3],38.67,55.22,False,False,PASS
T02R10C10,2,10,10,AVCA [3],24.04,47.28,False,False,PASS
T02R10C11,2,10,11,AVCA [3],19.88,23.61,False,False,PASS
T02R10C12,2,10,12,AVCA [3],21.76,31.49,False,False,PASS
T02R10C13,2,10,13,AVCA [3],20.88,23.96,False,False,PASS
T02R11C02,2,11,2,TCaF [5],12.63,48.33,False,False,PASS
T02R11C03,2,11,3,TCaF [5],6.72,16.87,False,False,PASS
T02R11C04,2,11,4,TCaF [5],8.77,22.78,False,False,PASS
T02R11C05,2,11,5,TCaF [5],7.41,17.65,False,False,PASS
T02R11C06,2,11,6,TCaF [5],67.14,86.32,False,False,PASS
T02R11C07,2,11,7,TCaF [5],40.83,46.97,False,False,PASS
T02R11C08,2,11,8,TCaF [5],50.78,60.63,False,False,PASS
T02R11C09,2,11,9,TCaF [5],44.64,55.22,False,False,PASS
T02R11C10,2,11,10,TCaF [5],30.12,47.28,False,False,PASS
T02R11C11,2,11,11,TCaF [5],7.65,23.61,False,False,PASS
T02R11C12,2,11,12,TCaF [5],12.20,31.49,False,False,PASS
T02R11C13,2,11,13,TCaF [5],7.96,23.96,False,False,PASS
T02R12C02,2,12,2,AVFS,15.62,48.33,False,False,PASS
T02R12C03,2,12,3,AVFS,6.00,16.87,False,False,PASS
T02R12C04,2,12,4,AVFS,8.67,22.78,False,False,PASS
T02R12C05,2,12,5,AVFS,7.31,17.65,False,False,PASS
T02R12C06,2,12,6,AVFS,54.57,86.32,False,False,PASS
T02R12C07,2,12,7,AVFS,36.94,46.97,False,False,PASS
T02R12C08,2,12,8,AVFS,44.06,60.63,False,False,PASS
T02R12C09,2,12,9,AVFS,41.55,55.22,False,False,PASS
T02R12C10,2,12,10,AVFS,14.41,47.28,False,False,PASS
T02R12C11,2,12,11,AVFS,8.91,23.61,False,False,PASS
T02R12C12,2,12,12,AVFS,11.01,31.49,False,False,PASS
T02R12C13,2,12,13,AVFS,9.15,23.96,False,False,PASS
T02R13C02,2,13,2,Hyper-multiple [26],21.99,48.33,False,False,PASS
T02R13C03,2,13,3,Hyper-multiple [26],8.12,16.87,False,False,PASS
T02R13C04,2,13,4,Hyper-multiple [26],11.87,22.78,False,False,PASS
T02R13C05,2,13,5,Hyper-multiple [26],8.47,17.65,False,False,PASS
T02R13C06,2,13,6,Hyper-multiple [26],43.52,86.32,False,False,PASS
T02R13C07,2,13,7,Hyper-multiple [26],39.77,46.97,False,False,PASS
T02R13C08,2,13,8,Hyper-multiple [26],41.56,60.63,False,False,PASS
T02R13C09,2,13,9,Hyper-multiple [26],40.28,55.22,False,False,PASS
T02R13C10,2,13,10,Hyper-multiple [26],20.52,47.28,False,False,PASS
T02R13C11,2,13,11,Hyper-multiple [26],21.30,23.61,False,False,PASS
T02R13C12,2,13,12,Hyper-multiple [26],20.90,31.49,False,False,PASS
T02R13C13,2,13,13,Hyper-multiple [26],22.18,23.96,False,False,PASS
T02R14C02,2,14,2,KDA [6],13.30,48.33,False,False,PASS
T02R14C03,2,14,3,KDA [6],7.74,16.87,False,False,PASS
T02R14C04,2,14,4,KDA [6],9.78,22.78,False,False,PASS
T02R14C05,2,14,5,KDA [6],8.32,17.65,False,False,PASS
T02R14C06,2,14,6,KDA [6],75.88,86.32,False,False,PASS
T02R14C07,2,14,7,KDA [6],42.97,46.97,False,False,PASS
T02R14C08,2,14,8,KDA [6],54.84,60.63,False,False,PASS
T02R14C09,2,14,9,KDA [6],52.66,55.22,False,False,PASS
T02R14C10,2,14,10,KDA [6],37.55,47.28,False,False,PASS
T02R14C11,2,14,11,KDA [6],10.25,23.61,False,False,PASS
T02R14C12,2,14,12,KDA [6],17.95,31.49,False,False,PASS
T02R14C13,2,14,13,KDA [6],11.85,23.96,False,False,PASS
T02R15C02,2,15,2,STFT [28],11.74,48.33,False,False,PASS
T02R15C03,2,15,3,STFT [28],8.83,16.87,False,False,PASS
T02R15C04,2,15,4,STFT [28],10.08,22.78,False,False,PASS
T02R15C05,2,15,5,STFT [28],8.79,17.65,False,False,PASS
T02R15C06,2,15,6,STFT [28],61.42,86.32,False,False,PASS
T02R15C07,2,15,7,STFT [28],43.81,46.97,False,False,PASS
T02R15C08,2,15,8,STFT [28],51.14,60.63,False,False,PASS
T02R15C09,2,15,9,STFT [28],49.74,55.22,False,False,PASS
T02R15C10,2,15,10,STFT [28],25.12,47.28,False,False,PASS
T02R15C11,2,15,11,STFT [28],9.83,23.61,False,False,PASS
T02R15C12,2,15,12,STFT [28],14.13,31.49,False,False,PASS
T02R15C13,2,15,13,STFT [28],9.46,23.96,False,False,PASS
T02R16C02,2,16,2,ClipClap-GZSL [4],27.59,48.33,False,False,PASS
T02R16C03,2,16,3,ClipClap-GZSL [4],11.00,16.87,False,False,PASS
T02R16C04,2,16,4,ClipClap-GZSL [4],15.73,22.78,False,False,PASS
T02R16C05,2,16,5,ClipClap-GZSL [4],11.28,17.65,False,False,PASS
T02R16C06,2,16,6,ClipClap-GZSL [4],78.20,86.32,False,False,PASS
T02R16C07,2,16,7,ClipClap-GZSL [4],42.57,46.97,False,False,PASS
T02R16C08,2,16,8,ClipClap-GZSL [4],55.13,60.63,False,False,PASS
T02R16C09,2,16,9,ClipClap-GZSL [4],46.01,55.22,False,False,PASS
T02R16C10,2,16,10,ClipClap-GZSL [4],44.89,47.28,False,False,PASS
T02R16C11,2,16,11,ClipClap-GZSL [4],19.42,23.61,False,False,PASS
T02R16C12,2,16,12,ClipClap-GZSL [4],27.11,31.49,False,False,PASS
T02R16C13,2,16,13,ClipClap-GZSL [4],21.76,23.96,False,False,PASS
T02R17C02,2,17,2,EZ-AVGZL [7],17.26,48.33,False,False,PASS
T02R17C03,2,17,3,EZ-AVGZL [7],8.68,16.87,False,False,PASS
T02R17C04,2,17,4,EZ-AVGZL [7],11.55,22.78,False,False,PASS
T02R17C05,2,17,5,EZ-AVGZL [7],8.92,17.65,False,False,PASS
T02R17C06,2,17,6,EZ-AVGZL [7],78.32,86.32,False,False,PASS
T02R17C07,2,17,7,EZ-AVGZL [7],46.35,46.97,False,False,PASS
T02R17C08,2,17,8,EZ-AVGZL [7],58.24,60.63,False,False,PASS
T02R17C09,2,17,9,EZ-AVGZL [7],48.27,55.22,False,False,PASS
T02R17C10,2,17,10,EZ-AVGZL [7],38.52,47.28,False,False,PASS
T02R17C11,2,17,11,EZ-AVGZL [7],12.85,23.61,False,False,PASS
T02R17C12,2,17,12,EZ-AVGZL [7],19.27,31.49,False,False,PASS
T02R17C13,2,17,13,EZ-AVGZL [7],13.01,23.96,False,False,PASS
T02R18C02,2,18,2,MSTR [29],13.70,48.33,False,False,PASS
T02R18C03,2,18,3,MSTR [29],5.48,16.87,False,False,PASS
T02R18C04,2,18,4,MSTR [29],7.83,22.78,False,False,PASS
T02R18C05,2,18,5,MSTR [29],6.38,17.65,False,False,PASS
T02R18C06,2,18,6,MSTR [29],86.32,86.32,False,True,PASS
T02R18C07,2,18,7,MSTR [29],19.97,46.97,False,False,PASS
T02R18C08,2,18,8,MSTR [29],32.43,60.63,False,False,PASS
T02R18C09,2,18,9,MSTR [29],23.57,55.22,False,False,PASS
T02R18C10,2,18,10,MSTR [29],22.92,47.28,False,False,PASS
T02R18C11,2,18,11,MSTR [29],9.28,23.61,False,False,PASS
T02R18C12,2,18,12,MSTR [29],13.21,31.49,False,False,PASS
T02R18C13,2,18,13,MSTR [29],9.65,23.96,False,False,PASS
T02R19C02,2,19,2,MDST++ [30],12.21,48.33,False,False,PASS
T02R19C03,2,19,3,MDST++ [30],8.38,16.87,False,False,PASS
T02R19C04,2,19,4,MDST++ [30],9.94,22.78,False,False,PASS
T02R19C05,2,19,5,MDST++ [30],10.32,17.65,False,False,PASS
T02R19C06,2,19,6,MDST++ [30],65.32,86.32,False,False,PASS
T02R19C07,2,19,7,MDST++ [30],44.79,46.97,False,False,PASS
T02R19C08,2,19,8,MDST++ [30],53.14,60.63,False,False,PASS
T02R19C09,2,19,9,MDST++ [30],55.22,55.22,False,True,PASS
T02R19C10,2,19,10,MDST++ [30],27.53,47.28,False,False,PASS
T02R19C11,2,19,11,MDST++ [30],10.72,23.61,False,False,PASS
T02R19C12,2,19,12,MDST++ [30],15.43,31.49,False,False,PASS
T02R19C13,2,19,13,MDST++ [30],13.12,23.96,False,False,PASS
T02R20C02,2,20,2,SACMA [31],13.42,48.33,False,False,PASS
T02R20C03,2,20,3,SACMA [31],6.00,16.87,False,False,PASS
T02R20C04,2,20,4,SACMA [31],8.29,22.78,False,False,PASS
T02R20C05,2,20,5,SACMA [31],6.46,17.65,False,False,PASS
T02R20C06,2,20,6,SACMA [31],60.15,86.32,False,False,PASS
T02R20C07,2,20,7,SACMA [31],27.46,46.97,False,False,PASS
T02R20C08,2,20,8,SACMA [31],37.71,60.63,False,False,PASS
T02R20C09,2,20,9,SACMA [31],29.07,55.22,False,False,PASS
T02R20C10,2,20,10,SACMA [31],17.12,47.28,False,False,PASS
T02R20C11,2,20,11,SACMA [31],7.32,23.61,False,False,PASS
T02R20C12,2,20,12,SACMA [31],10.25,31.49,False,False,PASS
T02R20C13,2,20,13,SACMA [31],7.52,23.96,False,False,PASS
T02R21C02,2,21,2,SGPAN [32],18.03,48.33,False,False,PASS
T02R21C03,2,21,3,SGPAN [32],5.68,16.87,False,False,PASS
T02R21C04,2,21,4,SGPAN [32],8.64,22.78,False,False,PASS
T02R21C05,2,21,5,SGPAN [32],6.87,17.65,False,False,PASS
T02R21C06,2,21,6,SGPAN [32],64.84,86.32,False,False,PASS
T02R21C07,2,21,7,SGPAN [32],21.71,46.97,False,False,PASS
T02R21C08,2,21,8,SGPAN [32],32.52,60.63,False,False,PASS
T02R21C09,2,21,9,SGPAN [32],25.16,55.22,False,False,PASS
T02R21C10,2,21,10,SGPAN [32],21.83,47.28,False,False,PASS
T02R21C11,2,21,11,SGPAN [32],7.60,23.61,False,False,PASS
T02R21C12,2,21,12,SGPAN [32],11.28,31.49,False,False,PASS
T02R21C13,2,21,13,SGPAN [32],7.90,23.96,False,False,PASS
T02R22C02,2,22,2,SGTG,35.08,48.33,True,False,PASS
T02R22C03,2,22,3,SGTG,16.87,16.87,True,True,PASS
T02R22C04,2,22,4,SGTG,22.78,22.78,True,True,PASS
T02R22C05,2,22,5,SGTG,17.65,17.65,True,True,PASS
T02R22C06,2,22,6,SGTG,85.49,86.32,True,False,PASS
T02R22C07,2,22,7,SGTG,46.97,46.97,True,True,PASS
T02R22C08,2,22,8,SGTG,60.63,60.63,True,True,PASS
T02R22C09,2,22,9,SGTG,50.38,55.22,True,False,PASS
T02R22C10,2,22,10,SGTG,47.28,47.28,True,True,PASS
T02R22C11,2,22,11,SGTG,23.61,23.61,True,True,PASS
T02R22C12,2,22,12,SGTG,31.49,31.49,True,True,PASS
T02R22C13,2,22,13,SGTG,23.96,23.96,True,True,PASS
T03R03C02,3,3,2,w/o DSPO,19.26,35.08,False,False,PASS
T03R03C03,3,3,3,w/o DSPO,9.28,16.87,False,False,PASS
T03R03C04,3,3,4,w/o DSPO,12.53,22.78,False,False,PASS
T03R03C05,3,3,5,w/o DSPO,9.86,17.65,False,False,PASS
T03R03C06,3,3,6,w/o DSPO,40.17,85.49,False,False,PASS
T03R03C07,3,3,7,w/o DSPO,35.37,46.97,False,False,PASS
T03R03C08,3,3,8,w/o DSPO,37.62,60.63,False,False,PASS
T03R03C09,3,3,9,w/o DSPO,37.27,50.38,False,False,PASS
T03R03C10,3,3,10,w/o DSPO,20.36,47.28,False,False,PASS
T03R03C11,3,3,11,w/o DSPO,16.33,23.61,False,False,PASS
T03R03C12,3,3,12,w/o DSPO,18.12,31.49,False,False,PASS
T03R03C13,3,3,13,w/o DSPO,17.67,23.96,False,False,PASS
T03R04C02,3,4,2,w/o CGTA,10.30,35.08,False,False,PASS
T03R04C03,3,4,3,w/o CGTA,7.83,16.87,False,False,PASS
T03R04C04,3,4,4,w/o CGTA,8.90,22.78,False,False,PASS
T03R04C05,3,4,5,w/o CGTA,8.72,17.65,False,False,PASS
T03R04C06,3,4,6,w/o CGTA,30.76,85.49,False,False,PASS
T03R04C07,3,4,7,w/o CGTA,22.52,46.97,False,False,PASS
T03R04C08,3,4,8,w/o CGTA,26.00,60.63,False,False,PASS
T03R04C09,3,4,9,w/o CGTA,23.61,50.38,False,False,PASS
T03R04C10,3,4,10,w/o CGTA,29.71,47.28,False,False,PASS
T03R04C11,3,4,11,w/o CGTA,17.97,23.61,False,False,PASS
T03R04C12,3,4,12,w/o CGTA,22.39,31.49,False,False,PASS
T03R04C13,3,4,13,w/o CGTA,18.85,23.96,False,False,PASS
T03R05C02,3,5,2,w/o DMIF,24.23,35.08,False,False,PASS
T03R05C03,3,5,3,w/o DMIF,9.56,16.87,False,False,PASS
T03R05C04,3,5,4,w/o DMIF,13.71,22.78,False,False,PASS
T03R05C05,3,5,5,w/o DMIF,10.66,17.65,False,False,PASS
T03R05C06,3,5,6,w/o DMIF,59.66,85.49,False,False,PASS
T03R05C07,3,5,7,w/o DMIF,45.16,46.97,False,False,PASS
T03R05C08,3,5,8,w/o DMIF,51.41,60.63,False,False,PASS
T03R05C09,3,5,9,w/o DMIF,47.39,50.38,False,False,PASS
T03R05C10,3,5,10,w/o DMIF,37.14,47.28,False,False,PASS
T03R05C11,3,5,11,w/o DMIF,21.83,23.61,False,False,PASS
T03R05C12,3,5,12,w/o DMIF,27.50,31.49,False,False,PASS
T03R05C13,3,5,13,w/o DMIF,23.94,23.96,False,False,PASS
T03R06C02,3,6,2,SGTG,35.08,35.08,True,True,PASS
T03R06C03,3,6,3,SGTG,16.87,16.87,True,True,PASS
T03R06C04,3,6,4,SGTG,22.78,22.78,True,True,PASS
T03R06C05,3,6,5,SGTG,17.65,17.65,True,True,PASS
T03R06C06,3,6,6,SGTG,85.49,85.49,True,True,PASS
T03R06C07,3,6,7,SGTG,46.97,46.97,True,True,PASS
T03R06C08,3,6,8,SGTG,60.63,60.63,True,True,PASS
T03R06C09,3,6,9,SGTG,50.38,50.38,True,True,PASS
T03R06C10,3,6,10,SGTG,47.28,47.28,True,True,PASS
T03R06C11,3,6,11,SGTG,23.61,23.61,True,True,PASS
T03R06C12,3,6,12,SGTG,31.49,31.49,True,True,PASS
T03R06C13,3,6,13,SGTG,23.96,23.96,True,True,PASS
T04R03C02,4,3,2,Uniform pooling,32.29,35.08,False,False,PASS
T04R03C03,4,3,3,Uniform pooling,9.84,16.87,False,False,PASS
T04R03C04,4,3,4,Uniform pooling,15.08,22.78,False,False,PASS
T04R03C05,4,3,5,Uniform pooling,10.97,17.65,False,False,PASS
T04R03C06,4,3,6,Uniform pooling,70.18,85.49,False,False,PASS
T04R03C07,4,3,7,Uniform pooling,35.94,46.97,False,False,PASS
T04R03C08,4,3,8,Uniform pooling,47.54,60.63,False,False,PASS
T04R03C09,4,3,9,Uniform pooling,42.88,50.67,False,False,PASS
T04R03C10,4,3,10,Uniform pooling,34.25,47.28,False,False,PASS
T04R03C11,4,3,11,Uniform pooling,20.74,23.61,False,False,PASS
T04R03C12,4,3,12,Uniform pooling,25.84,31.49,False,False,PASS
T04R03C13,4,3,13,Uniform pooling,22.16,24.43,False,False,PASS
T04R04C02,4,4,2,Discrete Top-K selection,32.58,35.08,False,False,PASS
T04R04C03,4,4,3,Discrete Top-K selection,10.14,16.87,False,False,PASS
T04R04C04,4,4,4,Discrete Top-K selection,15.47,22.78,False,False,PASS
T04R04C05,4,4,5,Discrete Top-K selection,11.34,17.65,False,False,PASS
T04R04C06,4,4,6,Discrete Top-K selection,78.60,85.49,False,False,PASS
T04R04C07,4,4,7,Discrete Top-K selection,36.78,46.97,False,False,PASS
T04R04C08,4,4,8,Discrete Top-K selection,50.11,60.63,False,False,PASS
T04R04C09,4,4,9,Discrete Top-K selection,48.46,50.67,False,False,PASS
T04R04C10,4,4,10,Discrete Top-K selection,38.58,47.28,False,False,PASS
T04R04C11,4,4,11,Discrete Top-K selection,17.35,23.61,False,False,PASS
T04R04C12,4,4,12,Discrete Top-K selection,23.94,31.49,False,False,PASS
T04R04C13,4,4,13,Discrete Top-K selection,22.71,24.43,False,False,PASS
T04R05C02,4,5,2,Uniform routing,31.61,35.08,False,False,PASS
T04R05C03,4,5,3,Uniform routing,11.30,16.87,False,False,PASS
T04R05C04,4,5,4,Uniform routing,16.65,22.78,False,False,PASS
T04R05C05,4,5,5,Uniform routing,12.41,17.65,False,False,PASS
T04R05C06,4,5,6,Uniform routing,80.01,85.49,False,False,PASS
T04R05C07,4,5,7,Uniform routing,39.75,46.97,False,False,PASS
T04R05C08,4,5,8,Uniform routing,53.11,60.63,False,False,PASS
T04R05C09,4,5,9,Uniform routing,50.67,50.67,False,True,PASS
T04R05C10,4,5,10,Uniform routing,40.61,47.28,False,False,PASS
T04R05C11,4,5,11,Uniform routing,20.40,23.61,False,False,PASS
T04R05C12,4,5,12,Uniform routing,27.16,31.49,False,False,PASS
T04R05C13,4,5,13,Uniform routing,24.43,24.43,False,True,PASS
T04R06C02,4,6,2,CGTA,35.08,35.08,True,True,PASS
T04R06C03,4,6,3,CGTA,16.87,16.87,True,True,PASS
T04R06C04,4,6,4,CGTA,22.78,22.78,True,True,PASS
T04R06C05,4,6,5,CGTA,17.65,17.65,True,True,PASS
T04R06C06,4,6,6,CGTA,85.49,85.49,True,True,PASS
T04R06C07,4,6,7,CGTA,46.97,46.97,True,True,PASS
T04R06C08,4,6,8,CGTA,60.63,60.63,True,True,PASS
T04R06C09,4,6,9,CGTA,50.38,50.67,True,False,PASS
T04R06C10,4,6,10,CGTA,47.28,47.28,True,True,PASS
T04R06C11,4,6,11,CGTA,23.61,23.61,True,True,PASS
T04R06C12,4,6,12,CGTA,31.49,31.49,True,True,PASS
T04R06C13,4,6,13,CGTA,23.96,24.43,True,False,PASS
T05R03C02,5,3,2,1,30.05,35.08,False,False,PASS
T05R03C03,5,3,3,1,9.66,16.87,False,False,PASS
T05R03C04,5,3,4,1,14.62,22.78,False,False,PASS
T05R03C05,5,3,5,1,11.88,17.65,False,False,PASS
T05R03C06,5,3,6,1,58.32,87.48,False,False,PASS
T05R03C07,5,3,7,1,24.26,46.97,False,False,PASS
T05R03C08,5,3,8,1,34.27,60.63,False,False,PASS
T05R03C09,5,3,9,1,32.63,51.48,False,False,PASS
T05R03C10,5,3,10,1,33.06,47.28,False,False,PASS
T05R03C11,5,3,11,1,14.27,23.61,False,False,PASS
T05R03C12,5,3,12,1,19.94,31.49,False,False,PASS
T05R03C13,5,3,13,1,17.47,23.96,False,False,PASS
T05R04C02,5,4,2,3,23.51,35.08,False,False,PASS
T05R04C03,5,4,3,3,12.23,16.87,False,False,PASS
T05R04C04,5,4,4,3,16.09,22.78,False,False,PASS
T05R04C05,5,4,5,3,12.23,17.65,False,False,PASS
T05R04C06,5,4,6,3,52.75,87.48,False,False,PASS
T05R04C07,5,4,7,3,34.19,46.97,False,False,PASS
T05R04C08,5,4,8,3,41.49,60.63,False,False,PASS
T05R04C09,5,4,9,3,35.19,51.48,False,False,PASS
T05R04C10,5,4,10,3,34.44,47.28,False,False,PASS
T05R04C11,5,4,11,3,16.04,23.61,False,False,PASS
T05R04C12,5,4,12,3,21.89,31.49,False,False,PASS
T05R04C13,5,4,13,3,19.02,23.96,False,False,PASS
T05R05C02,5,5,2,5,19.89,35.08,False,False,PASS
T05R05C03,5,5,3,5,10.62,16.87,False,False,PASS
T05R05C04,5,5,4,5,13.85,22.78,False,False,PASS
T05R05C05,5,5,5,5,12.61,17.65,False,False,PASS
T05R05C06,5,5,6,5,71.28,87.48,False,False,PASS
T05R05C07,5,5,7,5,37.34,46.97,False,False,PASS
T05R05C08,5,5,8,5,49.01,60.63,False,False,PASS
T05R05C09,5,5,9,5,45.02,51.48,False,False,PASS
T05R05C10,5,5,10,5,41.84,47.28,False,False,PASS
T05R05C11,5,5,11,5,18.88,23.61,False,False,PASS
T05R05C12,5,5,12,5,26.02,31.49,False,False,PASS
T05R05C13,5,5,13,5,19.72,23.96,False,False,PASS
T05R06C02,5,6,2,7,35.08,35.08,True,True,PASS
T05R06C03,5,6,3,7,16.87,16.87,True,True,PASS
T05R06C04,5,6,4,7,22.78,22.78,True,True,PASS
T05R06C05,5,6,5,7,17.65,17.65,True,True,PASS
T05R06C06,5,6,6,7,85.49,87.48,True,False,PASS
T05R06C07,5,6,7,7,46.97,46.97,True,True,PASS
T05R06C08,5,6,8,7,60.63,60.63,True,True,PASS
T05R06C09,5,6,9,7,50.38,51.48,True,False,PASS
T05R06C10,5,6,10,7,47.28,47.28,True,True,PASS
T05R06C11,5,6,11,7,23.61,23.61,True,True,PASS
T05R06C12,5,6,12,7,31.49,31.49,True,True,PASS
T05R06C13,5,6,13,7,23.96,23.96,True,True,PASS
T05R07C02,5,7,2,9,30.99,35.08,False,False,PASS
T05R07C03,5,7,3,9,11.75,16.87,False,False,PASS
T05R07C04,5,7,4,9,17.04,22.78,False,False,PASS
T05R07C05,5,7,5,9,14.73,17.65,False,False,PASS
T05R07C06,5,7,6,9,87.48,87.48,False,True,PASS
T05R07C07,5,7,7,9,45.77,46.97,False,False,PASS
T05R07C08,5,7,8,9,60.10,60.63,False,False,PASS
T05R07C09,5,7,9,9,51.48,51.48,False,True,PASS
T05R07C10,5,7,10,9,43.97,47.28,False,False,PASS
T05R07C11,5,7,11,9,20.15,23.61,False,False,PASS
T05R07C12,5,7,12,9,27.64,31.49,False,False,PASS
T05R07C13,5,7,13,9,21.03,23.96,False,False,PASS
T06R03C02,6,3,2,Initial embeddings wc(0),19.26,35.08,False,False,PASS
T06R03C03,6,3,3,Initial embeddings wc(0),9.28,16.87,False,False,PASS
T06R03C04,6,3,4,Initial embeddings wc(0),12.53,22.78,False,False,PASS
T06R03C05,6,3,5,Initial embeddings wc(0),9.86,17.65,False,False,PASS
T06R03C06,6,3,6,Initial embeddings wc(0),40.17,85.49,False,False,PASS
T06R03C07,6,3,7,Initial embeddings wc(0),35.37,46.97,False,False,PASS
T06R03C08,6,3,8,Initial embeddings wc(0),37.62,60.63,False,False,PASS
T06R03C09,6,3,9,Initial embeddings wc(0),37.27,50.38,False,False,PASS
T06R03C10,6,3,10,Initial embeddings wc(0),20.36,48.20,False,False,PASS
T06R03C11,6,3,11,Initial embeddings wc(0),16.33,23.61,False,False,PASS
T06R03C12,6,3,12,Initial embeddings wc(0),18.12,31.49,False,False,PASS
T06R03C13,6,3,13,Initial embeddings wc(0),17.67,24.52,False,False,PASS
T06R04C02,6,4,2,Separation only ℒsep,24.50,35.08,False,False,PASS
T06R04C03,6,4,3,Separation only ℒsep,12.95,16.87,False,False,PASS
T06R04C04,6,4,4,Separation only ℒsep,16.94,22.78,False,False,PASS
T06R04C05,6,4,5,Separation only ℒsep,16.72,17.65,False,False,PASS
T06R04C06,6,4,6,Separation only ℒsep,78.54,85.49,False,False,PASS
T06R04C07,6,4,7,Separation only ℒsep,34.96,46.97,False,False,PASS
T06R04C08,6,4,8,Separation only ℒsep,48.38,60.63,False,False,PASS
T06R04C09,6,4,9,Separation only ℒsep,41.26,50.38,False,False,PASS
T06R04C10,6,4,10,Separation only ℒsep,48.20,48.20,False,True,PASS
T06R04C11,6,4,11,Separation only ℒsep,20.90,23.61,False,False,PASS
T06R04C12,6,4,12,Separation only ℒsep,29.16,31.49,False,False,PASS
T06R04C13,6,4,13,Separation only ℒsep,21.35,24.52,False,False,PASS
T06R05C02,6,5,2,Margin ranking only ℒrank,20.80,35.08,False,False,PASS
T06R05C03,6,5,3,Margin ranking only ℒrank,12.52,16.87,False,False,PASS
T06R05C04,6,5,4,Margin ranking only ℒrank,15.63,22.78,False,False,PASS
T06R05C05,6,5,5,Margin ranking only ℒrank,14.58,17.65,False,False,PASS
T06R05C06,6,5,6,Margin ranking only ℒrank,74.08,85.49,False,False,PASS
T06R05C07,6,5,7,Margin ranking only ℒrank,43.90,46.97,False,False,PASS
T06R05C08,6,5,8,Margin ranking only ℒrank,55.13,60.63,False,False,PASS
T06R05C09,6,5,9,Margin ranking only ℒrank,43.96,50.38,False,False,PASS
T06R05C10,6,5,10,Margin ranking only ℒrank,33.67,48.20,False,False,PASS
T06R05C11,6,5,11,Margin ranking only ℒrank,21.52,23.61,False,False,PASS
T06R05C12,6,5,12,Margin ranking only ℒrank,26.26,31.49,False,False,PASS
T06R05C13,6,5,13,Margin ranking only ℒrank,24.52,24.52,False,True,PASS
T06R06C02,6,6,2,Joint objective ℒ,35.08,35.08,True,True,PASS
T06R06C03,6,6,3,Joint objective ℒ,16.87,16.87,True,True,PASS
T06R06C04,6,6,4,Joint objective ℒ,22.78,22.78,True,True,PASS
T06R06C05,6,6,5,Joint objective ℒ,17.65,17.65,True,True,PASS
T06R06C06,6,6,6,Joint objective ℒ,85.49,85.49,True,True,PASS
T06R06C07,6,6,7,Joint objective ℒ,46.97,46.97,True,True,PASS
T06R06C08,6,6,8,Joint objective ℒ,60.63,60.63,True,True,PASS
T06R06C09,6,6,9,Joint objective ℒ,50.38,50.38,True,True,PASS
T06R06C10,6,6,10,Joint objective ℒ,47.28,48.20,True,False,PASS
T06R06C11,6,6,11,Joint objective ℒ,23.61,23.61,True,True,PASS
T06R06C12,6,6,12,Joint objective ℒ,31.49,31.49,True,True,PASS
T06R06C13,6,6,13,Joint objective ℒ,23.96,24.52,True,False,PASS
T07R03C02,7,3,2,Intra-modal only hcintra,19.87,35.08,False,False,PASS
T07R03C03,7,3,3,Intra-modal only hcintra,10.45,16.87,False,False,PASS
T07R03C04,7,3,4,Intra-modal only hcintra,13.70,22.78,False,False,PASS
T07R03C05,7,3,5,Intra-modal only hcintra,11.39,17.65,False,False,PASS
T07R03C06,7,3,6,Intra-modal only hcintra,43.45,85.49,False,False,PASS
T07R03C07,7,3,7,Intra-modal only hcintra,34.49,46.97,False,False,PASS
T07R03C08,7,3,8,Intra-modal only hcintra,38.45,60.63,False,False,PASS
T07R03C09,7,3,9,Intra-modal only hcintra,36.92,50.38,False,False,PASS
T07R03C10,7,3,10,Intra-modal only hcintra,24.47,47.28,False,False,PASS
T07R03C11,7,3,11,Intra-modal only hcintra,12.15,23.61,False,False,PASS
T07R03C12,7,3,12,Intra-modal only hcintra,16.24,31.49,False,False,PASS
T07R03C13,7,3,13,Intra-modal only hcintra,12.44,23.96,False,False,PASS
T07R04C02,7,4,2,Inter-modal only hcinter,24.03,35.08,False,False,PASS
T07R04C03,7,4,3,Inter-modal only hcinter,9.63,16.87,False,False,PASS
T07R04C04,7,4,4,Inter-modal only hcinter,13.75,22.78,False,False,PASS
T07R04C05,7,4,5,Inter-modal only hcinter,11.56,17.65,False,False,PASS
T07R04C06,7,4,6,Inter-modal only hcinter,65.83,85.49,False,False,PASS
T07R04C07,7,4,7,Inter-modal only hcinter,28.25,46.97,False,False,PASS
T07R04C08,7,4,8,Inter-modal only hcinter,39.53,60.63,False,False,PASS
T07R04C09,7,4,9,Inter-modal only hcinter,28.63,50.38,False,False,PASS
T07R04C10,7,4,10,Inter-modal only hcinter,29.72,47.28,False,False,PASS
T07R04C11,7,4,11,Inter-modal only hcinter,11.62,23.61,False,False,PASS
T07R04C12,7,4,12,Inter-modal only hcinter,16.71,31.49,False,False,PASS
T07R04C13,7,4,13,Inter-modal only hcinter,15.82,23.96,False,False,PASS
T07R05C02,7,5,2,Three-way averaging,16.32,35.08,False,False,PASS
T07R05C03,7,5,3,Three-way averaging,6.96,16.87,False,False,PASS
T07R05C04,7,5,4,Three-way averaging,9.76,22.78,False,False,PASS
T07R05C05,7,5,5,Three-way averaging,9.02,17.65,False,False,PASS
T07R05C06,7,5,6,Three-way averaging,67.43,85.49,False,False,PASS
T07R05C07,7,5,7,Three-way averaging,35.49,46.97,False,False,PASS
T07R05C08,7,5,8,Three-way averaging,46.50,60.63,False,False,PASS
T07R05C09,7,5,9,Three-way averaging,37.62,50.38,False,False,PASS
T07R05C10,7,5,10,Three-way averaging,35.21,47.28,False,False,PASS
T07R05C11,7,5,11,Three-way averaging,16.59,23.61,False,False,PASS
T07R05C12,7,5,12,Three-way averaging,22.55,31.49,False,False,PASS
T07R05C13,7,5,13,Three-way averaging,20.74,23.96,False,False,PASS
T07R06C02,7,6,2,Full three-way gating,35.08,35.08,True,True,PASS
T07R06C03,7,6,3,Full three-way gating,16.87,16.87,True,True,PASS
T07R06C04,7,6,4,Full three-way gating,22.78,22.78,True,True,PASS
T07R06C05,7,6,5,Full three-way gating,17.65,17.65,True,True,PASS
T07R06C06,7,6,6,Full three-way gating,85.49,85.49,True,True,PASS
T07R06C07,7,6,7,Full three-way gating,46.97,46.97,True,True,PASS
T07R06C08,7,6,8,Full three-way gating,60.63,60.63,True,True,PASS
T07R06C09,7,6,9,Full three-way gating,50.38,50.38,True,True,PASS
T07R06C10,7,6,10,Full three-way gating,47.28,47.28,True,True,PASS
T07R06C11,7,6,11,Full three-way gating,23.61,23.61,True,True,PASS
T07R06C12,7,6,12,Full three-way gating,31.49,31.49,True,True,PASS
T07R06C13,7,6,13,Full three-way gating,23.96,23.96,True,True,PASS
T08R03C02,8,3,2,CLIP,18.23,35.08,False,False,PASS
T08R03C03,8,3,3,CLIP,10.86,16.87,False,False,PASS
T08R03C04,8,3,4,CLIP,13.61,22.78,False,False,PASS
T08R03C05,8,3,5,CLIP,12.02,17.65,False,False,PASS
T08R03C06,8,3,6,CLIP,64.03,85.49,False,False,PASS
T08R03C07,8,3,7,CLIP,33.79,46.97,False,False,PASS
T08R03C08,8,3,8,CLIP,44.24,60.63,False,False,PASS
T08R03C09,8,3,9,CLIP,39.53,50.38,False,False,PASS
T08R03C10,8,3,10,CLIP,38.66,47.28,False,False,PASS
T08R03C11,8,3,11,CLIP,13.50,23.61,False,False,PASS
T08R03C12,8,3,12,CLIP,20.01,31.49,False,False,PASS
T08R03C13,8,3,13,CLIP,16.51,23.96,False,False,PASS
T08R04C02,8,4,2,CLAP,25.54,35.08,False,False,PASS
T08R04C03,8,4,3,CLAP,11.22,16.87,False,False,PASS
T08R04C04,8,4,4,CLAP,15.59,22.78,False,False,PASS
T08R04C05,8,4,5,CLAP,12.29,17.65,False,False,PASS
T08R04C06,8,4,6,CLAP,76.42,85.49,False,False,PASS
T08R04C07,8,4,7,CLAP,27.47,46.97,False,False,PASS
T08R04C08,8,4,8,CLAP,40.41,60.63,False,False,PASS
T08R04C09,8,4,9,CLAP,34.47,50.38,False,False,PASS
T08R04C10,8,4,10,CLAP,33.19,47.28,False,False,PASS
T08R04C11,8,4,11,CLAP,15.55,23.61,False,False,PASS
T08R04C12,8,4,12,CLAP,21.18,31.49,False,False,PASS
T08R04C13,8,4,13,CLAP,17.72,23.96,False,False,PASS
T08R05C02,8,5,2,CLIP+CLAP,35.08,35.08,True,True,PASS
T08R05C03,8,5,3,CLIP+CLAP,16.87,16.87,True,True,PASS
T08R05C04,8,5,4,CLIP+CLAP,22.78,22.78,True,True,PASS
T08R05C05,8,5,5,CLIP+CLAP,17.65,17.65,True,True,PASS
T08R05C06,8,5,6,CLIP+CLAP,85.49,85.49,True,True,PASS
T08R05C07,8,5,7,CLIP+CLAP,46.97,46.97,True,True,PASS
T08R05C08,8,5,8,CLIP+CLAP,60.63,60.63,True,True,PASS
T08R05C09,8,5,9,CLIP+CLAP,50.38,50.38,True,True,PASS
T08R05C10,8,5,10,CLIP+CLAP,47.28,47.28,True,True,PASS
T08R05C11,8,5,11,CLIP+CLAP,23.61,23.61,True,True,PASS
T08R05C12,8,5,12,CLIP+CLAP,31.49,31.49,True,True,PASS
T08R05C13,8,5,13,CLIP+CLAP,23.96,23.96,True,True,PASS
T09R03C02,9,3,2,Class name prompts only,16.88,35.08,False,False,PASS
T09R03C03,9,3,3,Class name prompts only,8.48,16.87,False,False,PASS
T09R03C04,9,3,4,Class name prompts only,11.29,22.78,False,False,PASS
T09R03C05,9,3,5,Class name prompts only,9.48,18.06,False,False,PASS
T09R03C06,9,3,6,Class name prompts only,52.97,85.49,False,False,PASS
T09R03C07,9,3,7,Class name prompts only,24.54,46.97,False,False,PASS
T09R03C08,9,3,8,Class name prompts only,33.54,60.63,False,False,PASS
T09R03C09,9,3,9,Class name prompts only,31.65,50.38,False,False,PASS
T09R03C10,9,3,10,Class name prompts only,22.86,47.28,False,False,PASS
T09R03C11,9,3,11,Class name prompts only,11.89,23.61,False,False,PASS
T09R03C12,9,3,12,Class name prompts only,15.64,31.49,False,False,PASS
T09R03C13,9,3,13,Class name prompts only,13.04,23.96,False,False,PASS
T09R04C02,9,4,2,Visual descriptions,23.45,35.08,False,False,PASS
T09R04C03,9,4,3,Visual descriptions,16.11,16.87,False,False,PASS
T09R04C04,9,4,4,Visual descriptions,19.10,22.78,False,False,PASS
T09R04C05,9,4,5,Visual descriptions,18.06,18.06,False,True,PASS
T09R04C06,9,4,6,Visual descriptions,64.13,85.49,False,False,PASS
T09R04C07,9,4,7,Visual descriptions,37.24,46.97,False,False,PASS
T09R04C08,9,4,8,Visual descriptions,47.12,60.63,False,False,PASS
T09R04C09,9,4,9,Visual descriptions,40.76,50.38,False,False,PASS
T09R04C10,9,4,10,Visual descriptions,35.66,47.28,False,False,PASS
T09R04C11,9,4,11,Visual descriptions,16.51,23.61,False,False,PASS
T09R04C12,9,4,12,Visual descriptions,22.57,31.49,False,False,PASS
T09R04C13,9,4,13,Visual descriptions,21.42,23.96,False,False,PASS
T09R05C02,9,5,2,Auditory descriptions,19.63,35.08,False,False,PASS
T09R05C03,9,5,3,Auditory descriptions,11.31,16.87,False,False,PASS
T09R05C04,9,5,4,Auditory descriptions,14.35,22.78,False,False,PASS
T09R05C05,9,5,5,Auditory descriptions,12.35,18.06,False,False,PASS
T09R05C06,9,5,6,Auditory descriptions,53.69,85.49,False,False,PASS
T09R05C07,9,5,7,Auditory descriptions,32.06,46.97,False,False,PASS
T09R05C08,9,5,8,Auditory descriptions,40.15,60.63,False,False,PASS
T09R05C09,9,5,9,Auditory descriptions,34.93,50.38,False,False,PASS
T09R05C10,9,5,10,Auditory descriptions,28.42,47.28,False,False,PASS
T09R05C11,9,5,11,Auditory descriptions,20.69,23.61,False,False,PASS
T09R05C12,9,5,12,Auditory descriptions,23.95,31.49,False,False,PASS
T09R05C13,9,5,13,Auditory descriptions,20.96,23.96,False,False,PASS
T09R06C02,9,6,2,Visual + auditory descriptions,35.08,35.08,True,True,PASS
T09R06C03,9,6,3,Visual + auditory descriptions,16.87,16.87,True,True,PASS
T09R06C04,9,6,4,Visual + auditory descriptions,22.78,22.78,True,True,PASS
T09R06C05,9,6,5,Visual + auditory descriptions,17.65,18.06,True,False,PASS
T09R06C06,9,6,6,Visual + auditory descriptions,85.49,85.49,True,True,PASS
T09R06C07,9,6,7,Visual + auditory descriptions,46.97,46.97,True,True,PASS
T09R06C08,9,6,8,Visual + auditory descriptions,60.63,60.63,True,True,PASS
T09R06C09,9,6,9,Visual + auditory descriptions,50.38,50.38,True,True,PASS
T09R06C10,9,6,10,Visual + auditory descriptions,47.28,47.28,True,True,PASS
T09R06C11,9,6,11,Visual + auditory descriptions,23.61,23.61,True,True,PASS
T09R06C12,9,6,12,Visual + auditory descriptions,31.49,31.49,True,True,PASS
T09R06C13,9,6,13,Visual + auditory descriptions,23.96,23.96,True,True,PASS
